<?xml version="1.0" encoding="utf-8"?>
<Package xmlns="http://schemas.microsoft.com/appx/manifest/foundation/windows10" xmlns:uap="http://schemas.microsoft.com/appx/manifest/uap/windows10" xmlns:wincap="http://schemas.microsoft.com/appx/manifest/foundation/windows10/windowscapabilities">
	<Identity Name="Microsoft.Windows.ShellExperienceHost" Publisher="CN=Microsoft Windows, O=Microsoft Corporation, L=Redmond, S=Washington, C=US" Version="10.0.17134.112" ResourceId="neutral"/>
	<Properties>
		<DisplayName>ms-resource:PkgDisplayName</DisplayName>
		<PublisherDisplayName>ms-resource:PublisherDisplayName</PublisherDisplayName>
		<Logo>Assets\StoreLogo.png</Logo>
	</Properties>
	<Resources>
		<Resource Language="en-us"/>
	</Resources>
	<Dependencies>
		<TargetDeviceFamily Name="Windows.Universal" MinVersion="10.0.0.0" MaxVersionTested="10.0.17134.112"/>
	</Dependencies>
	<Applications>
		<Application Id="App" Executable="ShellExperienceHost.exe" EntryPoint="ShellExperienceHost.App">
			<uap:VisualElements DisplayName="ms-resource:AppName/Text" Square150x150Logo="Assets\Logo.png" Square44x44Logo="Assets\SmallLogo.png" Description="ms-resource:AppDescription" BackgroundColor="#464646" AppListEntry="none">
				<uap:SplashScreen Image="Assets\SplashScreen.png"/>
			</uap:VisualElements>
			<Extensions>
				<!-- UAP extensions are added here from the .appxfragment files -->
				<uap:Extension Category="windows.protocol">
					<uap:Protocol Name="ms-actioncenter">
						<uap:DisplayName>Action Center</uap:DisplayName>
					</uap:Protocol>
				</uap:Extension>
				<uap:Extension Category="windows.protocol">
					<uap:Protocol Name="ms-penworkspace">
						<uap:DisplayName>Pen Workspace</uap:DisplayName>
					</uap:Protocol>
				</uap:Extension>
				<uap:Extension Category="windows.appService" EntryPoint="PenWorkspace.SketchpadMigrator">
					<uap:AppService Name="ms-penworkspace-sketchpadmigration"/>
				</uap:Extension>
				<wincap3:Extension xmlns:wincap3="http://schemas.microsoft.com/appx/manifest/foundation/windows10/windowscapabilities/3" Category="windows.internal.componentUI"/>
				<Extension  Category="windows.backgroundTasks" EntryPoint="WindowsInternal.Shell.UnifiedTile.CuratedTileCollections.CollectionInitializationBackgroundTask">
					<BackgroundTasks>
						<Task Type="systemEvent"/>
						<!--Custom system trigger (WNF_SHEL_START_LAYOUT_UPDATED)-->
						<Task Type="timer"/>
					</BackgroundTasks>
				</Extension>
				<Extension  Category="windows.backgroundTasks" EntryPoint="SharePickerUI.ToastClearerBackgroundTask">
					<BackgroundTasks>
						<Task Type="systemEvent"/>
					</BackgroundTasks>
				</Extension>
				<uap:Extension Category="windows.appService" EntryPoint="SharePickerUI.ToastClearerRegistrationService">
					<uap:AppService Name="SharePickerUI.ToastClearerRegistration"/>
				</uap:Extension>
			</Extensions>
		</Application>
	</Applications>
	<Capabilities>
		<wincap:Capability Name="shellExperience"/>
		<!-- Capabilities are added here from the .appxfragment files -->
		<wincap:Capability Name="cortanaSettings"/>
		<wincap:Capability Name="packageContents"/>
		<wincap:Capability Name="targetedContent"/>
		<uap:Capability Name="appointments"/>
		<rescap:Capability xmlns:rescap="http://schemas.microsoft.com/appx/manifest/foundation/windows10/restrictedcapabilities" Name="inputInjection"/>
		<rescap:Capability xmlns:rescap="http://schemas.microsoft.com/appx/manifest/foundation/windows10/restrictedcapabilities" Name="contactsSystem"/>
		<Capability  Name="internetClient"/>
		<rescap:Capability xmlns:rescap="http://schemas.microsoft.com/appx/manifest/foundation/windows10/restrictedcapabilities" Name="userDataAccountSetup"/>
		<rescap:Capability xmlns:rescap="http://schemas.microsoft.com/appx/manifest/foundation/windows10/restrictedcapabilities" Name="userWebAccounts"/>
		<uap:Capability Name="picturesLibrary"/>
		<rescap:Capability xmlns:rescap="http://schemas.microsoft.com/appx/manifest/foundation/windows10/restrictedcapabilities" Name="packageQuery"/>
		<rescap:Capability xmlns:rescap="http://schemas.microsoft.com/appx/manifest/foundation/windows10/restrictedcapabilities" Name="previewStore"/>
		<wincap:Capability Name="visualElementsSystem"/>
		<wincap:Capability Name="cloudStore"/>
		<wincap:Capability Name="storeAppInstall"/>
		<wincap:Capability Name="userAccountInformation"/>
		<wincap:Capability Name="storeLicenseManagement"/>
		<rescap:Capability xmlns:rescap="http://schemas.microsoft.com/appx/manifest/foundation/windows10/restrictedcapabilities" Name="activitySystem"/>
		<rescap:Capability xmlns:rescap="http://schemas.microsoft.com/appx/manifest/foundation/windows10/restrictedcapabilities" Name="chatSystem"/>
		<rescap:Capability xmlns:rescap="http://schemas.microsoft.com/appx/manifest/foundation/windows10/restrictedcapabilities" Name="emailSystem"/>
		<rescap:Capability xmlns:rescap="http://schemas.microsoft.com/appx/manifest/foundation/windows10/restrictedcapabilities" Name="phoneCallHistorySystem"/>
		<uap:Capability Name="sharedUserCertificates"/>
		<rescap:Capability xmlns:rescap="http://schemas.microsoft.com/appx/manifest/foundation/windows10/restrictedcapabilities" Name="cellularDeviceControl"/>
		<uap3:Capability xmlns:uap3="http://schemas.microsoft.com/appx/manifest/uap/windows10/3" Name="remoteSystem"/>
		<DeviceCapability  Name="radios"/>
		<DeviceCapability  Name="bluetooth"/>
		<DeviceCapability  Name="wiFiControl"/>
	</Capabilities>
	<Extensions>
		<!-- Extensions are added here from the .appxfragment files -->
		<Extension  Category="windows.activatableClass.inProcessServer">
			<InProcessServer>
				<Path>Windows.UI.ActionCenter.dll</Path>
				<!-- ImportPath= ActionCenter -->
				<ActivatableClass ActivatableClassId="ActionCenter.actioncenter_XamlTypeInfo.XamlMetaDataProvider" ThreadingModel="STA"/>
				<ActivatableClass ActivatableClassId="ActionCenter.App" ThreadingModel="both"/>
				<ActivatableClass ActivatableClassId="ActionCenter.MainPage" ThreadingModel="both"/>
				<ActivatableClass ActivatableClassId="ActionCenter.NotificationCenterView" ThreadingModel="both"/>
				<ActivatableClass ActivatableClassId="ActionCenter.MobileMainPage" ThreadingModel="both"/>
				<ActivatableClass ActivatableClassId="ActionCenter.ToastView" ThreadingModel="both"/>
				<ActivatableClass ActivatableClassId="ActionCenter.GroupTitleView" ThreadingModel="both"/>
				<ActivatableClass ActivatableClassId="ActionCenter.GroupView" ThreadingModel="both"/>
				<ActivatableClass ActivatableClassId="ActionCenter.ItemView" ThreadingModel="both"/>
				<ActivatableClass ActivatableClassId="ActionCenter.GroupViewModel" ThreadingModel="both"/>
				<ActivatableClass ActivatableClassId="ActionCenter.ItemViewModel" ThreadingModel="both"/>
				<ActivatableClass ActivatableClassId="ActionCenter.NotificationCenterViewModel" ThreadingModel="both"/>
				<ActivatableClass ActivatableClassId="ActionCenter.MultiLineTextBox" ThreadingModel="both"/>
				<ActivatableClass ActivatableClassId="ActionCenter.ToastCenterViewModel" ThreadingModel="both"/>
				<ActivatableClass ActivatableClassId="ActionCenter.ToastCenterView" ThreadingModel="both"/>
				<ActivatableClass ActivatableClassId="ControlCenter.ViewModelContext" ThreadingModel="both"/>
				<ActivatableClass ActivatableClassId="ControlCenter.QuickActionCenterView" ThreadingModel="both"/>
				<ActivatableClass ActivatableClassId="ControlCenter.ControlCenterView" ThreadingModel="both"/>
				<ActivatableClass ActivatableClassId="ControlCenter.ControlCenterVelocitySwitch" ThreadingModel="both"/>
				<ActivatableClass ActivatableClassId="ControlCenter.FullScreenPage" ThreadingModel="both"/>
				<ActivatableClass ActivatableClassId="ControlCenter.QuickActionGroup" ThreadingModel="both"/>
				<ActivatableClass ActivatableClassId="ControlCenter.QuickActionLayout" ThreadingModel="both"/>
				<ActivatableClass ActivatableClassId="ControlCenter.QuickActionGroupTemplateSelector" ThreadingModel="both"/>
			</InProcessServer>
		</Extension>
		<Extension  Category="windows.activatableClass.inProcessServer">
			<InProcessServer>
				<Path>QuickActions.dll</Path>
				<!-- ImportPath= QuickActions -->
				<ActivatableClass ActivatableClassId="QuickActions.quickactions_XamlTypeInfo.XamlMetaDataProvider" ThreadingModel="STA"/>
				<ActivatableClass ActivatableClassId="QuickActions.AdvancedPageInfo" ThreadingModel="both"/>
				<ActivatableClass ActivatableClassId="QuickActions.App" ThreadingModel="both"/>
				<ActivatableClass ActivatableClassId="QuickActions.EditModeContainer" ThreadingModel="both"/>
				<ActivatableClass ActivatableClassId="QuickActions.ExpandControl" ThreadingModel="both"/>
				<ActivatableClass ActivatableClassId="QuickActions.QuickActionControl" ThreadingModel="both"/>
				<ActivatableClass ActivatableClassId="QuickActions.QuickActionTemplates" ThreadingModel="both"/>
				<ActivatableClass ActivatableClassId="QuickActions.QuickToggleButton" ThreadingModel="both"/>
				<ActivatableClass ActivatableClassId="QuickActions.QuickActionTemplateSelector" ThreadingModel="both"/>
				<ActivatableClass ActivatableClassId="QuickActions.TypedTemplate" ThreadingModel="both"/>
				<ActivatableClass ActivatableClassId="QuickActions.ViewModel.ViewModelContext" ThreadingModel="both"/>
				<ActivatableClass ActivatableClassId="QuickActions.ViewModel.QuickActionViewModel" ThreadingModel="both"/>
				<ActivatableClass ActivatableClassId="QuickActions.ViewModel.QuickActionUtilities" ThreadingModel="both"/>
			</InProcessServer>
		</Extension>
		<Extension  Category="windows.activatableClass.inProcessServer">
			<InProcessServer>
				<Path>BatteryFlyoutExperience.dll</Path>
				<!-- ImportPath= BatteryFlyoutExperience -->
				<ActivatableClass ActivatableClassId="BatteryFlyoutExperience.batteryflyoutexperience_XamlTypeInfo.XamlMetaDataProvider" ThreadingModel="both"/>
				<ActivatableClass ActivatableClassId="BatteryFlyoutExperience.App" ThreadingModel="both"/>
				<ActivatableClass ActivatableClassId="BatteryFlyoutExperience.MainPage" ThreadingModel="both"/>
			</InProcessServer>
		</Extension>
		<Extension  Category="windows.activatableClass.inProcessServer">
			<InProcessServer>
				<Path>ClockFlyoutExperience.dll</Path>
				<!-- ImportPath= ClockFlyoutExperience -->
				<ActivatableClass ActivatableClassId="ClockFlyoutExperience.clockflyoutexperience_XamlTypeInfo.XamlMetaDataProvider" ThreadingModel="both"/>
				<ActivatableClass ActivatableClassId="ClockFlyoutExperience.App" ThreadingModel="both"/>
				<ActivatableClass ActivatableClassId="ClockFlyoutExperience.MainPage" ThreadingModel="both"/>
				<ActivatableClass ActivatableClassId="ClockFlyoutExperience.PointerFeedbackManager" ThreadingModel="both"/>
				<ActivatableClass ActivatableClassId="ClockFlyoutExperience.AgendaView" ThreadingModel="both"/>
			</InProcessServer>
		</Extension>
		<Extension  Category="windows.activatableClass.inProcessServer">
			<InProcessServer>
				<Path>InputDial.dll</Path>
				<!-- ImportPath= InputDial -->
				<ActivatableClass ActivatableClassId="InputDial.inputdial_XamlTypeInfo.XamlMetaDataProvider" ThreadingModel="both"/>
				<ActivatableClass ActivatableClassId="InputDial.App" ThreadingModel="both"/>
				<ActivatableClass ActivatableClassId="InputDial.MainPage" ThreadingModel="both"/>
			</InProcessServer>
		</Extension>
		<Extension  Category="windows.activatableClass.inProcessServer">
			<InProcessServer>
				<Path>MtcUvc.dll</Path>
				<!-- ImportPath= MtcUvc -->
				<ActivatableClass ActivatableClassId="MtcUvc.mtcuvc_XamlTypeInfo.XamlMetaDataProvider" ThreadingModel="both"/>
				<ActivatableClass ActivatableClassId="MtcUvc.App" ThreadingModel="both"/>
				<ActivatableClass ActivatableClassId="MtcUvc.View.MtcUvcView" ThreadingModel="both"/>
				<ActivatableClass ActivatableClassId="MtcUvc.View.FocusHelper" ThreadingModel="both"/>
			</InProcessServer>
		</Extension>
		<Extension  Category="windows.activatableClass.inProcessServer">
			<InProcessServer>
				<Path>VirtualTouchpadUI.dll</Path>
				<!-- ImportPath= VirtualTouchpadUI -->
				<ActivatableClass ActivatableClassId="VirtualTouchpadUI.virtualtouchpadui_XamlTypeInfo.XamlMetaDataProvider" ThreadingModel="both"/>
				<ActivatableClass ActivatableClassId="VirtualTouchpadUI.App" ThreadingModel="both"/>
				<ActivatableClass ActivatableClassId="VirtualTouchpadUI.Views.VirtualTouchpad" ThreadingModel="both"/>
			</InProcessServer>
		</Extension>
		<Extension  Category="windows.activatableClass.inProcessServer">
			<InProcessServer>
				<Path>ImeStatusNotification.dll</Path>
				<!-- ImportPath= ImeStatusNotification -->
				<ActivatableClass ActivatableClassId="ImeStatusNotification.imestatusnotification_XamlTypeInfo.XamlMetaDataProvider" ThreadingModel="both"/>
				<ActivatableClass ActivatableClassId="ImeStatusNotification.App" ThreadingModel="both"/>
				<ActivatableClass ActivatableClassId="ImeStatusNotification.Views.ImeStatusNotificationUI" ThreadingModel="both"/>
				<ActivatableClass ActivatableClassId="ImeStatusNotification.Views.ImeMode" ThreadingModel="both"/>
				<ActivatableClass ActivatableClassId="ImeStatusNotification.Views.JapaneseImeModeViewModel" ThreadingModel="both"/>
			</InProcessServer>
		</Extension>
		<Extension  Category="windows.activatableClass.inProcessServer">
			<InProcessServer>
				<Path>QuickConnectUI.dll</Path>
				<!-- ImportPath= QuickConnectUI -->
				<ActivatableClass ActivatableClassId="QuickConnectUI.quickconnectui_XamlTypeInfo.XamlMetaDataProvider" ThreadingModel="both"/>
				<ActivatableClass ActivatableClassId="QuickConnectUI.App" ThreadingModel="both"/>
				<ActivatableClass ActivatableClassId="QuickConnectUI.QuickConnectFrame" ThreadingModel="both"/>
			</InProcessServer>
		</Extension>
		<Extension  Category="windows.activatableClass.inProcessServer">
			<InProcessServer>
				<Path>PenWorkspace.dll</Path>
				<!-- ImportPath= PenWorkspace -->
				<ActivatableClass ActivatableClassId="PenWorkspace.penworkspace_XamlTypeInfo.XamlMetaDataProvider" ThreadingModel="both"/>
				<ActivatableClass ActivatableClassId="PenWorkspace.App" ThreadingModel="both"/>
				<ActivatableClass ActivatableClassId="PenWorkspace.MainPage" ThreadingModel="both"/>
				<ActivatableClass ActivatableClassId="PenWorkspace.SketchpadMigrator" ThreadingModel="both"/>
			</InProcessServer>
		</Extension>
		<Extension  Category="windows.activatableClass.inProcessServer">
			<InProcessServer>
				<Path>Windows.UI.Shell.SharedUtilities.dll</Path>
				<!-- ImportPath= Windows.UI.Shell.SharedUtilities -->
				<ActivatableClass ActivatableClassId="SharedUtilities.ApplicationResourceLoader" ThreadingModel="both"/>
				<ActivatableClass ActivatableClassId="SharedUtilities.LocalizationService" ThreadingModel="both"/>
				<ActivatableClass ActivatableClassId="SharedUtilities.DeviceFamilyTrigger" ThreadingModel="both"/>
			</InProcessServer>
		</Extension>
		<Extension  Category="windows.activatableClass.inProcessServer">
			<InProcessServer>
				<Path>Windows.UI.SoftLanding.dll</Path>
				<!-- ImportPath= SoftLanding -->
				<ActivatableClass ActivatableClassId="SoftLanding.softlanding_XamlTypeInfo.XamlMetaDataProvider" ThreadingModel="both"/>
				<ActivatableClass ActivatableClassId="SoftLanding.SoftLandingApp" ThreadingModel="both"/>
				<ActivatableClass ActivatableClassId="SoftLanding.SoftLandingMainPage" ThreadingModel="both"/>
				<ActivatableClass ActivatableClassId="SoftLanding.SoftLandingItemViewModel" ThreadingModel="both"/>
				<ActivatableClass ActivatableClassId="SoftLanding.SoftLandingItemView" ThreadingModel="both"/>
				<ActivatableClass ActivatableClassId="SoftLanding.SoftLandingCenterViewModel" ThreadingModel="both"/>
				<ActivatableClass ActivatableClassId="SoftLanding.SoftLandingCenterView" ThreadingModel="both"/>
				<ActivatableClass ActivatableClassId="SoftLanding.StarRating" ThreadingModel="both"/>
			</InProcessServer>
		</Extension>
		<Extension  Category="windows.activatableClass.inProcessServer">
			<InProcessServer>
				<Path>StartUI.dll</Path>
				<!-- ImportPath= StartUI -->
				<ActivatableClass ActivatableClassId="StartUI.AllAppsFrame" ThreadingModel="both"/>
				<ActivatableClass ActivatableClassId="StartUI.AllAppsObjectModelFactory" ThreadingModel="both"/>
				<ActivatableClass ActivatableClassId="StartUI.AllAppsPane" ThreadingModel="both"/>
				<ActivatableClass ActivatableClassId="StartUI.App" ThreadingModel="both"/>
				<ActivatableClass ActivatableClassId="StartUI.BadgeDataTemplateSelector" ThreadingModel="both"/>
				<ActivatableClass ActivatableClassId="StartUI.DesktopAppActivator" ThreadingModel="both"/>
				<ActivatableClass ActivatableClassId="StartUI.Events" ThreadingModel="both"/>
				<ActivatableClass ActivatableClassId="StartUI.FrameMetrics" ThreadingModel="both"/>
				<ActivatableClass ActivatableClassId="StartUI.GridLayoutMetrics" ThreadingModel="both"/>
				<ActivatableClass ActivatableClassId="StartUI.GridMetrics" ThreadingModel="both"/>
				<ActivatableClass ActivatableClassId="StartUI.GroupHeaderControl" ThreadingModel="both"/>
				<ActivatableClass ActivatableClassId="StartUI.HostSpecificTestHooks" ThreadingModel="both"/>
				<ActivatableClass ActivatableClassId="StartUI.JumpViewControlHost" ThreadingModel="both"/>
				<ActivatableClass ActivatableClassId="StartUI.MobileFrame" ThreadingModel="both"/>
				<ActivatableClass ActivatableClassId="StartUI.NavigationPaneView" ThreadingModel="both"/>
				<ActivatableClass ActivatableClassId="StartUI.NewTabPageObjectModel" ThreadingModel="both"/>
				<ActivatableClass ActivatableClassId="StartUI.PowerOptionsView" ThreadingModel="both"/>
				<ActivatableClass ActivatableClassId="StartUI.SplitViewFrame" ThreadingModel="both"/>
				<ActivatableClass ActivatableClassId="StartUI.StartModel" ThreadingModel="both"/>
				<ActivatableClass ActivatableClassId="StartUI.StartProperties" ThreadingModel="both"/>
				<ActivatableClass ActivatableClassId="StartUI.startui_XamlTypeInfo.XamlMetaDataProvider" ThreadingModel="both"/>
				<ActivatableClass ActivatableClassId="StartUI.StartContext" ThreadingModel="both"/>
				<ActivatableClass ActivatableClassId="StartUI.ThemeManager" ThreadingModel="both"/>
				<ActivatableClass ActivatableClassId="StartUI.TileAppspaceDataTemplateSelector" ThreadingModel="both"/>
				<ActivatableClass ActivatableClassId="StartUI.TileGridHost" ThreadingModel="both"/>
				<ActivatableClass ActivatableClassId="StartUI.TileGridItemTemplateSelector" ThreadingModel="both"/>
				<ActivatableClass ActivatableClassId="StartUI.TileGridView" ThreadingModel="both"/>
				<ActivatableClass ActivatableClassId="StartUI.TileGridXamlUtils" ThreadingModel="both"/>
				<ActivatableClass ActivatableClassId="StartUI.TileGroupViewControl" ThreadingModel="both"/>
				<ActivatableClass ActivatableClassId="StartUI.TileListView" ThreadingModel="both"/>
				<ActivatableClass ActivatableClassId="StartUI.TileListViewItem" ThreadingModel="both"/>
				<ActivatableClass ActivatableClassId="StartUI.TileMetrics" ThreadingModel="both"/>
				<ActivatableClass ActivatableClassId="StartUI.TilesFrame" ThreadingModel="both"/>
				<ActivatableClass ActivatableClassId="StartUI.TileViewControl" ThreadingModel="both"/>
				<ActivatableClass ActivatableClassId="StartUI.UserTileView" ThreadingModel="both"/>
				<ActivatableClass ActivatableClassId="StartUI.VisualCacheManagerHost" ThreadingModel="both"/>
				<ActivatableClass ActivatableClassId="StartUI.ManageModeEventPayload" ThreadingModel="both"/>
				<ActivatableClass ActivatableClassId="StartUI.ViewFactory" ThreadingModel="both"/>
			</InProcessServer>
		</Extension>
		<Extension  Category="windows.activatableClass.inProcessServer">
			<InProcessServer>
				<Path>JumpViewUI.dll</Path>
				<!-- ImportPath= JumpViewUI -->
				<ActivatableClass ActivatableClassId="JumpViewUI.jumpviewui_XamlTypeInfo.XamlMetaDataProvider" ThreadingModel="both"/>
				<ActivatableClass ActivatableClassId="JumpViewUI.App" ThreadingModel="both"/>
				<ActivatableClass ActivatableClassId="JumpViewUI.JumpViewControl" ThreadingModel="both"/>
				<ActivatableClass ActivatableClassId="JumpViewUI.JumpViewFrame" ThreadingModel="both"/>
				<ActivatableClass ActivatableClassId="JumpViewUI.JumpViewActionControl" ThreadingModel="both"/>
				<ActivatableClass ActivatableClassId="JumpViewUI.JumpViewItemControl" ThreadingModel="both"/>
				<ActivatableClass ActivatableClassId="JumpViewUI.JumpViewHeaderControl" ThreadingModel="both"/>
				<ActivatableClass ActivatableClassId="JumpViewUI.JumpListListView" ThreadingModel="both"/>
				<ActivatableClass ActivatableClassId="JumpViewUI.ToolTipBehavior" ThreadingModel="both"/>
				<ActivatableClass ActivatableClassId="JumpViewUI.ToolTipViewModel" ThreadingModel="both"/>
				<ActivatableClass ActivatableClassId="JumpViewUI.OfferDeleteFlyoutControl" ThreadingModel="both"/>
				<ActivatableClass ActivatableClassId="JumpViewUI.JumpViewMetrics" ThreadingModel="both"/>
				<ActivatableClass ActivatableClassId="JumpViewUI.FlyoutControlHost" ThreadingModel="both"/>
				<ActivatableClass ActivatableClassId="JumpViewUI.FocusHelper" ThreadingModel="both"/>
			</InProcessServer>
		</Extension>
		<Extension  Category="windows.activatableClass.inProcessServer">
			<InProcessServer>
				<Path>StartComponentOM.dll</Path>
				<!-- ImportPath= StartComponentOM -->
				<ActivatableClass ActivatableClassId="StartComponentOM.NewTabPageObjectModel" ThreadingModel="both"/>
			</InProcessServer>
		</Extension>
		<Extension  Category="windows.activatableClass.inProcessServer">
			<InProcessServer>
				<Path>WindowsInternal.People.PeoplePicker.dll</Path>
				<!-- ImportPath= WindowsInternal.People.PeoplePicker -->
				<ActivatableClass ActivatableClassId="WindowsInternal.People.PeoplePicker.BooleanToObjectConverter" ThreadingModel="both"/>
				<ActivatableClass ActivatableClassId="WindowsInternal.People.PeoplePicker.InverseBooleanConverter" ThreadingModel="both"/>
				<ActivatableClass ActivatableClassId="WindowsInternal.People.PeoplePicker.ButtonControlContent" ThreadingModel="both"/>
				<ActivatableClass ActivatableClassId="WindowsInternal.People.PeoplePicker.peoplepicker_control_XamlTypeInfo.XamlMetaDataProvider" ThreadingModel="both"/>
				<ActivatableClass ActivatableClassId="WindowsInternal.People.PeoplePicker.JumplistItemControl" ThreadingModel="both"/>
				<ActivatableClass ActivatableClassId="WindowsInternal.People.PeoplePicker.QueryPromptControl" ThreadingModel="both"/>
				<ActivatableClass ActivatableClassId="WindowsInternal.People.PeoplePicker.GalResultsControl" ThreadingModel="both"/>
				<ActivatableClass ActivatableClassId="WindowsInternal.People.PeoplePicker.SuggestionControl" ThreadingModel="both"/>
				<ActivatableClass ActivatableClassId="WindowsInternal.People.PeoplePicker.HighlightedTextBlock" ThreadingModel="both"/>
				<ActivatableClass ActivatableClassId="WindowsInternal.People.PeoplePicker.PeoplePickerControl" ThreadingModel="both"/>
				<ActivatableClass ActivatableClassId="WindowsInternal.People.PeoplePicker.ContactListView" ThreadingModel="both"/>
			</InProcessServer>
		</Extension>
		<Extension  Category="windows.activatableClass.inProcessServer">
			<InProcessServer>
				<Path>NetworkUX.dll</Path>
				<!-- ImportPath= NetworkUX -->
				<ActivatableClass ActivatableClassId="NetworkUX.networkux_XamlTypeInfo.XamlMetaDataProvider" ThreadingModel="both"/>
				<ActivatableClass ActivatableClassId="NetworkUX.App" ThreadingModel="both"/>
				<ActivatableClass ActivatableClassId="NetworkUX.MainPage" ThreadingModel="both"/>
				<ActivatableClass ActivatableClassId="NetworkUX.ViewContext" ThreadingModel="both"/>
				<ActivatableClass ActivatableClassId="NetworkUX.WiFiConnectedEventHandler" ThreadingModel="both"/>
				<ActivatableClass ActivatableClassId="NetworkUX.ControlCenterWiFiL2Page" ThreadingModel="both"/>
				<ActivatableClass ActivatableClassId="NetworkUX.OOBEMainPage" ThreadingModel="both"/>
				<ActivatableClass ActivatableClassId="NetworkUX.CollapsedWhenNullOrEmptyConverter" ThreadingModel="both"/>
				<ActivatableClass ActivatableClassId="NetworkUX.MediaTypeToGlyphConverter" ThreadingModel="both"/>
				<ActivatableClass ActivatableClassId="NetworkUX.OOBEEsimDiscoveryPage" ThreadingModel="both"/>
				<ActivatableClass ActivatableClassId="NetworkUX.OOBEMultivariantPage" ThreadingModel="both"/>
				<ActivatableClass ActivatableClassId="NetworkUX.OOBEProfilePropertiesPage" ThreadingModel="both"/>
				<ActivatableClass ActivatableClassId="NetworkUX.ViewModel.SettingEntry" ThreadingModel="both"/>
				<ActivatableClass ActivatableClassId="NetworkUX.View.AutoTooltipHelper" ThreadingModel="both"/>
				<ActivatableClass ActivatableClassId="NetworkUX.View.DefaultButton" ThreadingModel="both"/>
				<ActivatableClass ActivatableClassId="NetworkUX.View.EntityListItemControl" ThreadingModel="both"/>
				<ActivatableClass ActivatableClassId="NetworkUX.View.FocusHelper" ThreadingModel="both"/>
				<ActivatableClass ActivatableClassId="NetworkUX.View.ListViewHelper" ThreadingModel="both"/>
				<ActivatableClass ActivatableClassId="NetworkUX.View.SettingsListView" ThreadingModel="both"/>
				<ActivatableClass ActivatableClassId="NetworkUX.View.BooleanToVisibilityConverter" ThreadingModel="both"/>
				<ActivatableClass ActivatableClassId="NetworkUX.View.AutomationIdConverter" ThreadingModel="both"/>
				<ActivatableClass ActivatableClassId="NetworkUX.View.NegatedBooleanToVisibilityConverter" ThreadingModel="both"/>
				<ActivatableClass ActivatableClassId="NetworkUX.View.NegatedBooleanToDoubleConverter" ThreadingModel="both"/>
				<ActivatableClass ActivatableClassId="NetworkUX.View.ResourceLoaderConverter" ThreadingModel="both"/>
				<ActivatableClass ActivatableClassId="NetworkUX.View.ConnectivityToPreCFEConverter" ThreadingModel="both"/>
				<ActivatableClass ActivatableClassId="NetworkUX.View.CustomResourceLoader" ThreadingModel="both"/>
				<ActivatableClass ActivatableClassId="NetworkUX.View.InternetConnectivityToSubtitleConverter" ThreadingModel="both"/>
				<ActivatableClass ActivatableClassId="Windows.Internal.UI.NetworkUX.WiFiUXViewProvider" ThreadingModel="both"/>
			</InProcessServer>
		</Extension>
		<Extension  Category="windows.activatableClass.inProcessServer">
			<InProcessServer>
				<Path>SharePickerUI.dll</Path>
				<!-- ImportPath= SharePickerUI -->
				<ActivatableClass ActivatableClassId="SharePickerUI.sharepickerui_XamlTypeInfo.XamlMetaDataProvider" ThreadingModel="both"/>
				<ActivatableClass ActivatableClassId="SharePickerUI.App" ThreadingModel="both"/>
				<ActivatableClass ActivatableClassId="SharePickerUI.CopyToClipboardItem" ThreadingModel="both"/>
				<ActivatableClass ActivatableClassId="SharePickerUI.ErrorMessage" ThreadingModel="both"/>
				<ActivatableClass ActivatableClassId="SharePickerUI.GetMoreAppsButton" ThreadingModel="both"/>
				<ActivatableClass ActivatableClassId="SharePickerUI.ShareItem" ThreadingModel="both"/>
				<ActivatableClass ActivatableClassId="SharePickerUI.SharePicker" ThreadingModel="both"/>
				<ActivatableClass ActivatableClassId="SharePickerUI.SharePickerFrame" ThreadingModel="both"/>
				<ActivatableClass ActivatableClassId="SharePickerUI.SharePromotedItem" ThreadingModel="both"/>
				<ActivatableClass ActivatableClassId="SharePickerUI.ShareToApps" ThreadingModel="both"/>
				<ActivatableClass ActivatableClassId="SharePickerUI.ShareToDevices" ThreadingModel="both"/>
				<ActivatableClass ActivatableClassId="SharePickerUI.ShareToDevicesSection" ThreadingModel="both"/>
				<ActivatableClass ActivatableClassId="SharePickerUI.ShareDeviceItem" ThreadingModel="both"/>
				<ActivatableClass ActivatableClassId="SharePickerUI.ShareToPeople" ThreadingModel="both"/>
				<ActivatableClass ActivatableClassId="SharePickerUI.SharePeoplePicker" ThreadingModel="both"/>
				<ActivatableClass ActivatableClassId="SharePickerUI.ToastClearerBackgroundTask" ThreadingModel="both"/>
				<ActivatableClass ActivatableClassId="SharePickerUI.ToastClearerRegistrationService" ThreadingModel="both"/>
			</InProcessServer>
		</Extension>
		<Extension  Category="windows.activatableClass.inProcessServer">
			<InProcessServer>
				<Path>DevicesFlowUI.dll</Path>
				<!-- ImportPath= SEHDevicesFlowUI -->
				<ActivatableClass ActivatableClassId="DevicesFlowUI.devicesflowui_XamlTypeInfo.XamlMetaDataProvider" ThreadingModel="both"/>
				<ActivatableClass ActivatableClassId="DevicesFlowUI.App" ThreadingModel="both"/>
				<ActivatableClass ActivatableClassId="DevicesFlowUI.DevicesFlowFrame" ThreadingModel="both"/>
				<ActivatableClass ActivatableClassId="DevicesFlowUI.ViewModel.DevicesFlowTemplateSelector" ThreadingModel="both"/>
				<ActivatableClass ActivatableClassId="DevicesFlowUI.ViewModel.DisplayTopologyListTemplateSelector" ThreadingModel="both"/>
				<ActivatableClass ActivatableClassId="DevicesFlowUI.ViewModel.DeviceObjectTemplateSelector" ThreadingModel="both"/>
				<ActivatableClass ActivatableClassId="DevicesFlowUI.ViewModel.DeviceGlyphTemplateSelector" ThreadingModel="both"/>
				<ActivatableClass ActivatableClassId="DevicesFlowUI.ViewModel.CeremonyTemplateSelector" ThreadingModel="both"/>
				<ActivatableClass ActivatableClassId="DevicesFlowUI.View.ListViewItemClickCommand" ThreadingModel="both"/>
				<ActivatableClass ActivatableClassId="DevicesFlowUI.View.AutomationPropertyHelper" ThreadingModel="both"/>
				<ActivatableClass ActivatableClassId="DevicesFlowUI.View.FocusHelper" ThreadingModel="both"/>
				<ActivatableClass ActivatableClassId="DevicesFlowUI.View.DefaultButton" ThreadingModel="both"/>
			</InProcessServer>
		</Extension>
	</Extensions>
</Package>
